"Id","HomeTeam","AwayTeam","LineProvider","OverUnder","Spread","HomeMoneyline","AwayMoneyline"
"401540213","McNeese","Tarleton State","Bovada","54.5","3.5","",""
"401540199","Mercer","North Alabama","William Hill (New Jersey)","58.5","-23.5","",""
"401540078","Lehigh","Villanova","William Hill (New Jersey)","50.5","19","",""
"401540311","Campbell","William & Mary","William Hill (New Jersey)","54.5","17.5","",""
"401520158","Jacksonville State","East Tennessee State","Bovada","55.0","-20.0","-675","460"
"401520158","Jacksonville State","East Tennessee State","William Hill (New Jersey)","55","-20.5","",""
"401539978","Richmond","Morgan State","Bovada","43.5","-25.5","",""
"401540027","Sacred Heart","Lafayette","Bovada","38.5","-5.5","-270","220"
"401540043","Fordham","Wagner","Bovada","56.5","-28.0","",""
"401540548","Rhode Island","Stony Brook","William Hill (New Jersey)","55","-24.5","",""
"401540286","Sacramento State","Texas A&M-Commerce","Bovada","","-34.5","",""
"401540383","North Dakota State","Maine","Caesars Sportsbook (Colorado)","50.5","-35.5","",""
"401540310","Northern Iowa","Weber State","William Hill (New Jersey)","50.5","-7.5","",""
"401540099","Illinois State","Dayton","Bovada","45.0","-19.0","",""
"401540099","Illinois State","Dayton","William Hill (New Jersey)","46","-19","",""
"401540066","Yale","Holy Cross","William Hill (New Jersey)","50","2.5","",""
"401540072","Lafayette","Columbia","William Hill (New Jersey)","40.5","5.5","",""
"401540044","Sacred Heart","Wagner","William Hill (New Jersey)","39.5","-11.5","",""
"401540313","Monmouth","Campbell","Caesars Sportsbook (Colorado)","61.5","-3","",""
"401540398","Marist","Davidson","William Hill (New Jersey)","51","8","",""
"401540029","St Francis (PA)","Sacred Heart","Caesars Sportsbook (Colorado)","41.5","-9.5","",""
"401540307","Yale","Cornell","Caesars Sportsbook (Colorado)","46","-14.5","",""
"401540567","Stetson","Butler","Caesars Sportsbook (Colorado)","57.5","9","",""
"401540324","Delaware","New Hampshire","William Hill (New Jersey)","47.5","2.5","",""
"401540185","Central Arkansas","Abilene Christian","William Hill (New Jersey)","55.5","-7","",""
"401540203","North Alabama","UT Martin","William Hill (New Jersey)","61.5","12","",""
"401540291","Harvard","Brown","Bovada","54.5","-16.5","",""
"401540291","Harvard","Brown","Caesars Sportsbook (Colorado)","54.5","-14.5","",""
"401520276","Sam Houston State","Jacksonville State","Bovada","36.0","6.5","210","-250"
"401520276","Sam Houston State","Jacksonville State","DraftKings","36.5","6.5","205","-250"
"401540599","Furman","Mercer","Caesars Sportsbook (Colorado)","50.5","-10.5","",""
"401540081","Dartmouth","Lehigh","Caesars Sportsbook (Colorado)","41","-17","",""
"401540102","Illinois State","Lindenwood","Caesars Sportsbook (Colorado)","55.5","-21","",""
"401540455","Valparaiso","Marist","Caesars Sportsbook (Colorado)","53","-9","",""
"401540390","Eastern Illinois","McNeese","Caesars Sportsbook (Colorado)","47.5","-12","",""
"401540048","Bucknell","Pennsylvania","Caesars Sportsbook (Colorado)","35.5","12","",""
"401540622","VMI","Wofford","Caesars Sportsbook (Colorado)","35.5","-4","",""
"401540549","Villanova","Rhode Island","Caesars Sportsbook (Colorado)","48","-3.5","",""
"401540058","Columbia","Georgetown","Caesars Sportsbook (Colorado)","35","-6.5","",""
"401540157","Grambling","Texas Southern","Caesars Sportsbook (Colorado)","63.5","-3","",""
"401540573","Stony Brook","Richmond","Caesars Sportsbook (Colorado)","34.5","13","",""
"401540073","Lafayette","Monmouth","Caesars Sportsbook (Colorado)","43","7","",""
"401540115","Alabama State","Southern","Bovada","42.5","2.5","200","-240"
"401520153","Florida International","Maine","Bovada","46.5","-15.0","-415","310"
"401520153","Florida International","Maine","William Hill (New Jersey)","46","-15","",""
"401520178","Vanderbilt","Alabama A&M","Bovada","53.5","-35.0","",""
"401520178","Vanderbilt","Alabama A&M","William Hill (New Jersey)","53.5","-35","",""
"401520152","BYU","Sam Houston State","DraftKings","46.5","-20","-1200","850"
"401520152","BYU","Sam Houston State","Bovada","46.5","-20.0","-2000","950"
"401520152","BYU","Sam Houston State","William Hill (New Jersey)","46.5","-19","",""
"401520152","BYU","Sam Houston State","teamrankings","50.5","-22.5","",""
"401525469","Louisville","Murray State","William Hill (New Jersey)","55.5","-43.5","",""
"401520193","Indiana","Indiana State","DraftKings","45.5","-31","",""
"401520193","Indiana","Indiana State","William Hill (New Jersey)","44","-31","",""
"401520185","Army","Delaware State","DraftKings","44","-39.5","",""
"401520185","Army","Delaware State","William Hill (New Jersey)","44","-39.5","",""
"401520208","Ohio State","Youngstown State","DraftKings","56.5","-45","",""
"401520208","Ohio State","Youngstown State","William Hill (New Jersey)","56","-45.5","",""
"401520209","Penn State","Delaware","DraftKings","56.5","-43.5","",""
"401520209","Penn State","Delaware","William Hill (New Jersey)","55","-44","",""
"401525490","Boston College","Holy Cross","DraftKings","52.5","-10","",""
"401525490","Boston College","Holy Cross","William Hill (New Jersey)","52","-10","",""
"401525494","Georgia Tech","South Carolina State","Bovada","52.5","-41.0","",""
"401525494","Georgia Tech","South Carolina State","DraftKings","53.5","-43","",""
"401525494","Georgia Tech","South Carolina State","William Hill (New Jersey)","53.5","-44","",""
"401532396","Central Michigan","New Hampshire","William Hill (New Jersey)","48.5","-7","",""
"401532400","Bowling Green","Eastern Illinois","DraftKings","48","-17","-900",""
"401532400","Bowling Green","Eastern Illinois","William Hill (New Jersey)","48","-17","",""
"401525491","Clemson","Charleston Southern","DraftKings","53","-50.5","",""
"401520196","Kentucky","Eastern Kentucky","DraftKings","62.5","-35.5","",""
"401520196","Kentucky","Eastern Kentucky","William Hill (New Jersey)","62.5","-35","",""
"401525828","BYU","Southern Utah","DraftKings","49.5","-31","",""
"401525828","BYU","Southern Utah","William Hill (New Jersey)","46.5","-30.5","",""
"401531432","Navy","Wagner","DraftKings","50","-42","",""
"401531432","Navy","Wagner","William Hill (New Jersey)","49","-43.5","",""
"401532397","Northern Illinois","Southern Illinois","DraftKings","59","-7","-310",""
"401532397","Northern Illinois","Southern Illinois","William Hill (New Jersey)","58.5","-6.5","",""
"401520213","Tennessee","Austin Peay","DraftKings","65.5","-45.5","",""
"401520213","Tennessee","Austin Peay","William Hill (New Jersey)","65.5","-48","",""
"401531844","South Alabama","Southeastern Louisiana","William Hill (New Jersey)","59.5","-24","",""
"401525492","Duke","Lafayette","DraftKings","48","-41","",""
"401525492","Duke","Lafayette","William Hill (New Jersey)","49","-42.5","",""
"401539999","Jackson State","South Carolina State","William Hill (New Jersey)","45.5","-9.5","",""
"401540285","Nicholls","Sacramento State","William Hill (New Jersey)","54.5","23.5","",""
"401523989","Arizona","Northern Arizona","Bovada","61.0","-28.5","",""
"401523989","Arizona","Northern Arizona","William Hill (New Jersey)","61","-28.5","",""
"401540323","Stony Brook","Delaware","William Hill (New Jersey)","45.5","15","",""
"401540451","Youngstown State","Valparaiso","William Hill (New Jersey)","51.5","-36","",""
"401540508","Stonehill","New Hampshire","Bovada","53.0","21.0","",""
"401540628","Albany","Fordham","William Hill (New Jersey)","59","-4.5","",""
"401525815","Kansas","Missouri State","William Hill (New Jersey)","60.5","-32.5","",""
"401525821","Kansas State","Southeast Missouri State","William Hill (New Jersey)","56.5","-28.5","",""
"401531377","UAB","North Carolina A&T","Bovada","50.5","-24.0","-2200","1000"
"401531377","UAB","North Carolina A&T","DraftKings","46.5","-24","-3600","1300"
"401531377","UAB","North Carolina A&T","William Hill (New Jersey)","46.5","-24.5","",""
"401531426","Memphis","Bethune-Cookman","William Hill (New Jersey)","59.5","-49","",""
"401532571","San Diego State","Idaho State","Bovada","51.5","-34.5","",""
"401532571","San Diego State","Idaho State","William Hill (New Jersey)","51","-34.5","",""
"401540148","Florida A&M","Jackson State","Bovada","47.5","3.5","160","-185"
"401540148","Florida A&M","Jackson State","William Hill (New Jersey)","45.5","3.5","",""
"401540534","Furman","Tennessee Tech","William Hill (New Jersey)","49.5","-27","",""
"401540200","North Alabama","Chattanooga","Bovada","52.5","19.5","",""
"401531839","Louisiana","Northwestern State","Bovada","54.5","-35.0","",""
"401531839","Louisiana","Northwestern State","William Hill (New Jersey)","54.5","-35","",""
"401525466","Syracuse","Colgate","Bovada","49.5","-40.0","",""
"401525466","Syracuse","Colgate","William Hill (New Jersey)","49.5","-40","",""
"401540057","Georgetown","Marist","William Hill (New Jersey)","47","-6.5","",""
"401540057","Georgetown","Marist","Bovada","46.0","-7.0","",""
"401540278","Abilene Christian","Northern Colorado","William Hill (New Jersey)","51.5","-13.5","",""
"401540244","Lamar","Idaho","William Hill (New Jersey)","55.5","25.5","",""
"401520177","UTEP","Incarnate Word","Bovada","57.5","-7.5","-280","230"
"401520177","UTEP","Incarnate Word","William Hill (New Jersey)","57.5","-7.5","",""
"401520150","Arkansas","Western Carolina","Bovada","61.5","-38.0","-20000","1800"
"401520150","Arkansas","Western Carolina","William Hill (New Jersey)","61","-38","",""
"401525833","West Virginia","Duquesne","William Hill (New Jersey)","55.5","-38.5","",""
"401532399","Akron","Morgan State","William Hill (New Jersey)","46","-25","",""
"401532401","Buffalo","Fordham","William Hill (New Jersey)","55.5","-23.5","",""
"401524002","Texas Tech","Oregon","DraftKings","69","6","164","-245"
"401524002","Texas Tech","Oregon","Bovada","68.5","4.5","205","-245"
"401524002","Texas Tech","Oregon","William Hill (New Jersey)","70","4.5","",""
"401520187","Coastal Carolina","Jacksonville State","Bovada","61.0","-14.0","-550","390"
"401520187","Coastal Carolina","Jacksonville State","DraftKings","61","-13.5","-550","410"
"401520187","Coastal Carolina","Jacksonville State","William Hill (New Jersey)","61","-13.5","",""
"401520197","Louisiana Tech","Northwestern State","William Hill (New Jersey)","58.5","-23","",""
"401520206","Missouri","Middle Tennessee","Bovada","47.0","-21.0","-1600","800"
"401520206","Missouri","Middle Tennessee","DraftKings","47.5","-21","-1600","900"
"401520206","Missouri","Middle Tennessee","William Hill (New Jersey)","47.5","-21","",""
"401520218","Western Kentucky","Houston Christian","William Hill (New Jersey)","64.5","-41.5","",""
"401525827","Boise State","UCF","DraftKings","58","3","130","-162"
"401525827","Boise State","UCF","Bovada","58.5","3.0","135","-160"
"401525827","Boise State","UCF","William Hill (New Jersey)","58.5","3","",""
"401525831","Rice","Houston","Bovada","51.0","7.0","275","-350"
"401525831","Rice","Houston","DraftKings","53","7","215","-290"
"401525831","Rice","Houston","William Hill (New Jersey)","51","7.5","",""
"401531422","South Florida","Florida A&M","William Hill (New Jersey)","63","-20","",""
"401531427","Arkansas State","Memphis","Bovada","57.5","21.0","800","-1600"
"401531427","Arkansas State","Memphis","DraftKings","57.5","20.5","950","-1600"
"401531427","Arkansas State","Memphis","William Hill (New Jersey)","57","21","",""
"401520199","LSU","Grambling","William Hill (New Jersey)","61.5","-56.5","",""
"401520190","Florida","McNeese","DraftKings","54.5","","",""
"401520190","Florida","McNeese","William Hill (New Jersey)","55.5","-48.5","",""
"401520212","South Carolina","Furman","William Hill (New Jersey)","52.5","-18","",""
"401520211","Sam Houston State","Air Force","Bovada","36.5","12.5","475","-700"
"401520211","Sam Houston State","Air Force","DraftKings","36.5","13.5","470","-600"
"401520211","Sam Houston State","Air Force","William Hill (New Jersey)","36.5","13.5","",""
"401531412","Appalachian State","East Carolina","Bovada","48.0","-7.5","-370","285"
"401531412","Appalachian State","East Carolina","William Hill (New Jersey)","48.5","-7.5","",""
"401520245","Texas A&M","Louisiana Monroe","William Hill (New Jersey)","53.5","-36.5","",""
"401520245","Texas A&M","Louisiana Monroe","Bovada","53.5","-36.5","-20000","2500"
"401531348","Southern Mississippi","Tulane","Bovada","47.5","7.5","360","-500"
"401531348","Southern Mississippi","Tulane","William Hill (New Jersey)","47.5","8","",""
"401531403","Charlotte","Georgia State","William Hill (New Jersey)","52","6.5","",""
"401531403","Charlotte","Georgia State","Bovada","52.0","6.0","205","-245"
"401520224","Florida","Tennessee","Bovada","56.0","5.0","215","-260"
"401520224","Florida","Tennessee","DraftKings","","7","164",""
"401520224","Florida","Tennessee","William Hill (New Jersey)","57","5","",""
"401525835","Cincinnati","Miami (OH)","Bovada","44.0","-14.0","-625","430"
"401525835","Cincinnati","Miami (OH)","William Hill (New Jersey)","44.5","-14.5","",""
"401525839","Oklahoma State","South Alabama","Bovada","49.0","-7.0","-290","240"
"401525839","Oklahoma State","South Alabama","William Hill (New Jersey)","49.5","-7","",""
"401531379","UAB","Louisiana","Bovada","59.0","-2.0","-130","100"
"401531379","UAB","Louisiana","William Hill (New Jersey)","60","-2","",""
"401531848","Troy","James Madison","DraftKings","","-3.5","-142",""
"401531848","Troy","James Madison","Bovada","46.0","-2.5","-125","105"
"401531848","Troy","James Madison","William Hill (New Jersey)","46.5","-2.5","",""
"401532403","Toledo","San José State","Bovada","56.5","-9.0","-300","250"
"401532403","Toledo","San José State","William Hill (New Jersey)","56.5","-9","",""
"401520220","Arkansas","BYU","Bovada","47.5","-7.5","-390","295"
"401520220","Arkansas","BYU","William Hill (New Jersey)","48","-9","",""
"401525840","Texas","Wyoming","Bovada","48.5","-31.0","-10000","1600"
"401525840","Texas","Wyoming","William Hill (New Jersey)","48.5","-31","",""
"401524008","Oregon","Hawai'i","Bovada","68.0","-38.0","",""
"401524008","Oregon","Hawai'i","William Hill (New Jersey)","67.5","-38.5","",""
"401525836","Houston","TCU","Bovada","64.0","7.0","260","-320"
"401525836","Houston","TCU","William Hill (New Jersey)","64","7.5","",""
"401524007","Colorado","Colorado State","DraftKings","","-17","-2400",""
"401524007","Colorado","Colorado State","Bovada","63.5","-24.0","-2200","1000"
"401524007","Colorado","Colorado State","William Hill (New Jersey)","63","-23","",""
"401524005","Arizona State","Fresno State","Bovada","48.0","3.5","145","-170"
"401524005","Arizona State","Fresno State","William Hill (New Jersey)","48","4","",""
"401525837","Nevada","Kansas","Bovada","58.0","28.5","",""
"401525837","Nevada","Kansas","William Hill (New Jersey)","58","28.5","",""
"401525507","Clemson","Florida State","Bovada","55.0","2.0","105","-125"
"401525507","Clemson","Florida State","DraftKings","55","2","110","-130"
"401525507","Clemson","Florida State","William Hill (New Jersey)","55.5","2","",""
"401524014","Arizona State","USC","Bovada","62.0","34.0","",""
"401524014","Arizona State","USC","DraftKings","62","34.5","5000","-10000"
"401524014","Arizona State","USC","William Hill (New Jersey)","62","34.5","",""
"401525844","Baylor","Texas","Bovada","49.5","17.5","425","-600"
"401525844","Baylor","Texas","DraftKings","48.5","14.5","575","-625"
"401525844","Baylor","Texas","William Hill (New Jersey)","49.5","17.5","",""
"401540235","North Dakota State","Eastern Washington","Bovada","59.0","-23.0","",""
"401540235","North Dakota State","Eastern Washington","William Hill (New Jersey)","59","-24.5","",""
"401520263","Nebraska","Louisiana Tech","Bovada","45.0","-21.0","-1000","625"
"401520263","Nebraska","Louisiana Tech","DraftKings","46.5","-20.5","-1450","850"
"401520263","Nebraska","Louisiana Tech","William Hill (New Jersey)","44.5","-20.5","",""
"401520264","Northwestern","Minnesota","Bovada","39.5","10.5","350","-480"
"401520264","Northwestern","Minnesota","DraftKings","39.5","11.5","360","-440"
"401520264","Northwestern","Minnesota","William Hill (New Jersey)","39.5","11.5","",""
"401520267","South Carolina","Mississippi State","Bovada","47.0","-6.0","-210","175"
"401520267","South Carolina","Mississippi State","DraftKings","47","-6","-225","190"
"401520267","South Carolina","Mississippi State","William Hill (New Jersey)","46.5","-6","",""
"401520268","Syracuse","Army","DraftKings","49.5","-13","-500","400"
"401520268","Syracuse","Army","Bovada","50.5","-13.0","-550","390"
"401520268","Syracuse","Army","William Hill (New Jersey)","50.5","-13","",""
"401520274","Vanderbilt","Kentucky","Bovada","50.0","13.0","400","-575"
"401520274","Vanderbilt","Kentucky","DraftKings","50","13.5","400","-520"
"401520274","Vanderbilt","Kentucky","William Hill (New Jersey)","50","13.5","",""
"401524016","Stanford","Arizona","Bovada","59.5","13.0","290","-380"
"401524016","Stanford","Arizona","DraftKings","60","12.5","350","-470"
"401524016","Stanford","Arizona","William Hill (New Jersey)","60","13","",""
"401525506","Louisville","Boston College","Bovada","53.5","-13.5","-625","430"
"401525506","Louisville","Boston College","DraftKings","54","-14","-550","440"
"401525506","Louisville","Boston College","William Hill (New Jersey)","53","-14","",""
"401525508","Wake Forest","Georgia Tech","Bovada","58.5","-3.5","-240","200"
"401525508","Wake Forest","Georgia Tech","DraftKings","58.5","-4","-180","160"
"401525508","Wake Forest","Georgia Tech","William Hill (New Jersey)","58.5","-3.5","",""
"401525509","Temple","Miami","Bovada","46.0","23.5","1100","-3300"
"401525509","Temple","Miami","DraftKings","47","23.5","1200","-2400"
"401525509","Temple","Miami","William Hill (New Jersey)","46.5","23","",""
"401525511","Marshall","Virginia Tech","Bovada","41.5","-6.0","-300","250"
"401525511","Marshall","Virginia Tech","DraftKings","41","-4.5","-218","154"
"401525511","Marshall","Virginia Tech","William Hill (New Jersey)","41.5","-5.5","",""
"401525846","Iowa State","Oklahoma State","Bovada","36.0","-3.5","-150","130"
"401525846","Iowa State","Oklahoma State","DraftKings","36.5","-3.5","-170","145"
"401525846","Iowa State","Oklahoma State","William Hill (New Jersey)","36","-3.5","",""
"401525847","Kansas","BYU","Bovada","54.5","-9.5","-320","260"
"401525847","Kansas","BYU","DraftKings","54.5","-9.5","-355","285"
"401525847","Kansas","BYU","William Hill (New Jersey)","55.5","-9","",""
"401525849","TCU","SMU","Bovada","63.0","-7.0","-230","190"
"401525849","TCU","SMU","DraftKings","62","-6.5","-270","225"
"401525849","TCU","SMU","William Hill (New Jersey)","63.5","-7","",""
"401525850","West Virginia","Texas Tech","DraftKings","54.5","6","190","-225"
"401525850","West Virginia","Texas Tech","Bovada","54.5","5.5","170","-200"
"401525850","West Virginia","Texas Tech","William Hill (New Jersey)","53.5","6","",""
"401526835","UMass","New Mexico","DraftKings","50.5","-3.5","-148","145"
"401526835","UMass","New Mexico","Bovada","48.5","-3.5","-130","110"
"401526835","UMass","New Mexico","William Hill (New Jersey)","48.5","-3.5","",""
"401520257","Jacksonville State","Eastern Michigan","Bovada","51.0","-6.5","-200","170"
"401520257","Jacksonville State","Eastern Michigan","DraftKings","51","-6.5","-250","200"
"401520257","Jacksonville State","Eastern Michigan","William Hill (New Jersey)","51","-6.5","",""
"401520271","Troy","Western Kentucky","Bovada","57.0","-3.5","-150","130"
"401520271","Troy","Western Kentucky","DraftKings","57","-3.5","-192","145"
"401520271","Troy","Western Kentucky","William Hill (New Jersey)","57","-3.5","",""
"401520273","UTEP","UNLV","Bovada","49.5","-2.0","120","-140"
"401520273","UTEP","UNLV","DraftKings","50","2.5","-115","-130"
"401520273","UTEP","UNLV","William Hill (New Jersey)","49.5","-1","",""
"401525861","Oklahoma","Texas","DraftKings","","6.5","",""
"401531835","Appalachian State","Gardner-Webb","Bovada","51.5","-22.5","",""
"401531835","Appalachian State","Gardner-Webb","William Hill (New Jersey)","51","-22.5","",""
"401520360","Wisconsin","Ohio State","Bovada","","9.5","",""
"401520360","Wisconsin","Ohio State","DraftKings","","9.5","",""
"401525818","Cincinnati","Eastern Kentucky","Bovada","58.0","-21.5","-2500","1000"
"401525818","Cincinnati","Eastern Kentucky","William Hill (New Jersey)","57.5","-21.5","",""
"401539994","North Carolina A&T","North Carolina Central","Bovada","57.5","-6.5","-260","215"
"401525832","TCU","Nicholls","William Hill (New Jersey)","59.5","-41.5","",""
"401531843","Louisiana Monroe","Lamar","William Hill (New Jersey)","48.5","-26","",""
"401532579","Utah State","Idaho State","William Hill (New Jersey)","61","-24","",""
"401524000","Oregon State","UC Davis","DraftKings","56","-23","",""
"401524000","Oregon State","UC Davis","Caesars Sportsbook (Colorado)","57","-24","",""
"401532574","Fresno State","Eastern Washington","DraftKings","63","","",""
"401532574","Fresno State","Eastern Washington","William Hill (New Jersey)","63.5","-31.5","",""
"401525499","Miami","Bethune-Cookman","William Hill (New Jersey)","63.5","-54","",""
"401525834","Baylor","Long Island University","William Hill (New Jersey)","54","-44","",""
"401532404","Kent State","Central Connecticut","William Hill (New Jersey)","46.5","-21.5","",""
"401540080","Lehigh","Cornell","William Hill (New Jersey)","45.5","3.5","",""
"401549200","Colgate","Pennsylvania","William Hill (New Jersey)","46.5","9.5","",""
"401524012","Utah","Weber State","William Hill (New Jersey)","44","-26.5","",""
"401525502","NC State","VMI","William Hill (New Jersey)","51","-42.5","",""
"401531388","Temple","Norfolk State","William Hill (New Jersey)","55","-30.5","",""
"401532402","Ball State","Indiana State","William Hill (New Jersey)","45","-26","",""
"401540375","South Dakota","Lamar","William Hill (New Jersey)","48","-24","",""
"401540452","Youngstown State","Robert Morris","William Hill (New Jersey)","50.5","-28.5","",""
"401540101","Eastern Illinois","Illinois State","William Hill (New Jersey)","41.5","11.5","",""
"401540267","Montana State","Stetson","William Hill (New Jersey)","59.5","-45.5","",""
"401540488","Maine","Rhode Island","Caesars Sportsbook (Colorado)","53","11","",""
"401524006","California","Idaho","William Hill (New Jersey)","52.5","-14.5","",""
"401524011","UCLA","North Carolina Central","William Hill (New Jersey)","60.5","-35","",""
"401532572","UNLV","Bryant","Bovada","66.0","-17.0","-800","525"
"401532572","UNLV","Bryant","William Hill (New Jersey)","66","-16.5","",""
"401525843","UCF","Villanova","William Hill (New Jersey)","54","-26.5","",""
"401520234","Middle Tennessee","Murray State","William Hill (New Jersey)","51","-34.5","",""
"401525841","Texas Tech","Tarleton State","William Hill (New Jersey)","75.5","-36.5","",""
"401531438","SMU","Prairie View","William Hill (New Jersey)","63.5","-42.5","",""
"401531441","Rice","Texas Southern","William Hill (New Jersey)","60","-35.5","",""
"401531845","Coastal Carolina","Duquesne","William Hill (New Jersey)","55.5","-35","",""
"401531846","Arkansas State","Stony Brook","William Hill (New Jersey)","47.5","-24","",""
"401524010","Stanford","Sacramento State","William Hill (New Jersey)","60.5","-7","",""
"401531847","Texas State","Jackson State","William Hill (New Jersey)","61.5","-17.5","",""
"401540087","Alabama A&M","Arkansas-Pine Bluff","William Hill (New Jersey)","50.5","-9.5","",""
"401540067","Holy Cross","Colgate","Caesars Sportsbook (Colorado)","55","-31","",""
"401540529","St. Thomas (MN)","Morehead State","Caesars Sportsbook (Colorado)","49.5","-16","",""
"401540472","Western Carolina","Charleston Southern","Caesars Sportsbook (Colorado)","48","-22","",""
"401539995","North Carolina Central","Mississippi Valley State","Caesars Sportsbook (Colorado)","47.5","-24.5","",""
"401540142","Jackson State","Bethune-Cookman","William Hill (New Jersey)","50.5","-20.5","",""
"401540422","Princeton","Bryant","Caesars Sportsbook (Colorado)","38","-10.5","",""
"401540583","Samford","Chattanooga","Caesars Sportsbook (Colorado)","56","-6.5","",""
"401540489","William & Mary","Maine","Caesars Sportsbook (Colorado)","35.5","-17.5","",""
"401539988","Towson","Norfolk State","William Hill (New Jersey)","40.5","-17.5","",""
"401540045","Wagner","Merrimack","William Hill (New Jersey)","35","11.5","",""
"401540227","Portland State","Cal Poly","William Hill (New Jersey)","65.5","-10.5","",""
"401540356","Southeastern Louisiana","Houston Christian","William Hill (New Jersey)","64.5","-28.5","",""
"401540207","Southern Utah","Western Illinois","William Hill (New Jersey)","58.5","-18.5","",""
"401540268","Weber State","Montana State","William Hill (New Jersey)","54.5","7","",""
"401540237","UC Davis","Eastern Washington","William Hill (New Jersey)","62.5","-7","",""
"401540369","North Dakota","Drake","Bovada","50.5","-34.5","",""
"401531837","James Madison","Bucknell","Bovada","53.5","-47.5","",""
"401531837","James Madison","Bucknell","William Hill (New Jersey)","53.5","-47","",""
"401531836","Georgia Southern","The Citadel","Bovada","53.5","-34.5","",""
"401531836","Georgia Southern","The Citadel","William Hill (New Jersey)","53.5","-34","",""
"401531838","Marshall","Albany","Bovada","48.0","-22.0","",""
"401531838","Marshall","Albany","William Hill (New Jersey)","47.5","-22","",""
"401520154","Georgia","UT Martin","Bovada","58.0","-51.0","",""
"401520154","Georgia","UT Martin","William Hill (New Jersey)","56.5","-50","",""
"401531402","Charlotte","South Carolina State","Bovada","44.5","-23.5","",""
"401531402","Charlotte","South Carolina State","William Hill (New Jersey)","44.5","-24","",""
"401531418","Florida Atlantic","Monmouth","Bovada","56.0","-26.0","",""
"401531418","Florida Atlantic","Monmouth","Caesars Sportsbook (Colorado)","56","-26.5","",""
"401531841","Troy","Stephen F. Austin","Bovada","48.0","-26.0","",""
"401531841","Troy","Stephen F. Austin","William Hill (New Jersey)","48","-26","",""
"401525823","Oklahoma State","Central Arkansas","Bovada","59.5","-26.5","-6500","1300"
"401525823","Oklahoma State","Central Arkansas","William Hill (New Jersey)","59.5","-25.5","",""
"401524013","Washington State","Northern Colorado","William Hill (New Jersey)","55","-48","",""
"401540363","Murray State","Presbyterian College","Bovada","54.5","-28.5","",""
"401523986","USC","San José State","DraftKings","63.5","-30.5","-9000","2500"
"401523986","USC","San José State","Bovada","66.5","-30.5","-10000","1600"
"401523986","USC","San José State","William Hill (New Jersey)","66","-31.5","",""
"401523986","USC","San José State","consensus","63.5","-30.5","",""
"401523986","USC","San José State","teamrankings","64.5","-30","",""
"401525434","Notre Dame","Navy","DraftKings","50.5","-20","-1350","800"
"401525434","Notre Dame","Navy","Bovada","50.5","-20.5","-1500","775"
"401525434","Notre Dame","Navy","William Hill (New Jersey)","49","-20.5","",""
"401525434","Notre Dame","Navy","consensus","50.5","-20","",""
"401525434","Notre Dame","Navy","teamrankings","50.5","-20.5","",""
"401525450","New Mexico State","UMass","DraftKings","42.5","-8","-325","260"
"401525450","New Mexico State","UMass","Bovada","45.5","-7.5","-310","255"
"401525450","New Mexico State","UMass","William Hill (New Jersey)","45.5","-7","",""
"401525450","New Mexico State","UMass","consensus","42.5","-8","",""
"401525450","New Mexico State","UMass","teamrankings","44.5","-8","",""
"401532392","San Diego State","Ohio","DraftKings","49","-3.5","-162","136"
"401532392","San Diego State","Ohio","Bovada","48.5","-2.5","-135","115"
"401532392","San Diego State","Ohio","William Hill (New Jersey)","48.5","-2","",""
"401532392","San Diego State","Ohio","consensus","49","-3.5","",""
"401532392","San Diego State","Ohio","teamrankings","49","-3","",""
"401520145","Jacksonville State","UTEP","DraftKings","51.5","","-110","-110"
"401520145","Jacksonville State","UTEP","Bovada","53.5","1.0","-105","-115"
"401520145","Jacksonville State","UTEP","William Hill (New Jersey)","54.5","1.5","",""
"401520145","Jacksonville State","UTEP","teamrankings","52","1","",""
"401523987","Arizona State","Southern Utah","Bovada","53.0","-31.0","",""
"401523987","Arizona State","Southern Utah","DraftKings","59.5","-34.5","-50000","4000"
"401523987","Arizona State","Southern Utah","William Hill (New Jersey)","60.5","-34","",""
"401525461","Wake Forest","Elon","DraftKings","53.5","-32.5","-10000","3000"
"401525461","Wake Forest","Elon","Bovada","56.0","-30.5","-8000","1400"
"401525461","Wake Forest","Elon","William Hill (New Jersey)","53.5","-33.5","",""
"401525816","UCF","Kent State","Bovada","53.5","-35.5","",""
"401525816","UCF","Kent State","DraftKings","53","-35.5","",""
"401525816","UCF","Kent State","William Hill (New Jersey)","54","-35","",""
"401525816","UCF","Kent State","consensus","58.5","-33.5","",""
"401525816","UCF","Kent State","teamrankings","58.5","-35","",""
"401520162","Michigan","East Carolina","Bovada","53.5","-35.5","",""
"401520162","Michigan","East Carolina","William Hill (New Jersey)","53.5","-36","",""
"401520162","Michigan","East Carolina","consensus","52","-34.5","",""
"401520162","Michigan","East Carolina","teamrankings","51.5","-35","",""
"401520162","Michigan","East Carolina","DraftKings","51.5","-36","",""
"401520163","Michigan State","Central Michigan","Bovada","44.5","-14.0","-675","460"
"401520163","Michigan State","Central Michigan","William Hill (New Jersey)","45","-14","",""
"401520163","Michigan State","Central Michigan","consensus","50","-15","",""
"401520163","Michigan State","Central Michigan","teamrankings","49.5","-14.5","",""
"401520163","Michigan State","Central Michigan","DraftKings","45.5","-14","-575","470"
"401520164","Mississippi State","Southeastern Louisiana","Bovada","59.5","-31.5","",""
"401520164","Mississippi State","Southeastern Louisiana","William Hill (New Jersey)","59.5","-31.5","",""
"401520166","New Mexico State","Western Illinois","Bovada","55.0","-21.0","-1200","700"
"401520166","New Mexico State","Western Illinois","William Hill (New Jersey)","55","-21","",""
"401532575","Hawai'i","Albany","William Hill (New Jersey)","58.5","-10.5","",""
"401532576","Nevada","Idaho","DraftKings","52","2.5","160",""
"401532576","Nevada","Idaho","William Hill (New Jersey)","51","5.5","",""
"401532577","New Mexico","Tennessee Tech","William Hill (New Jersey)","51.5","-16","",""
"401532578","San José State","Cal Poly","DraftKings","56","-22.5","",""
"401532578","San José State","Cal Poly","William Hill (New Jersey)","60","-23.5","",""
"401520227","Iowa","Western Michigan","William Hill (New Jersey)","43.5","-28.5","",""
"401520227","Iowa","Western Michigan","Bovada","43.0","-28.5","-6500","1300"
"401520228","Kentucky","Akron","Bovada","48.5","-25.5","-3500","1100"
"401520228","Kentucky","Akron","William Hill (New Jersey)","48.5","-25","",""
"401520229","Louisiana Tech","North Texas","Bovada","66.5","-4.5","-180","155"
"401520229","Louisiana Tech","North Texas","William Hill (New Jersey)","66.5","-4.5","",""
"401520231","Maryland","Virginia","Bovada","48.0","-16.0","-625","430"
"401520231","Maryland","Virginia","William Hill (New Jersey)","48.5","-16.5","",""
"401520232","Michigan","Bowling Green","Bovada","53.5","-41.0","",""
"401520232","Michigan","Bowling Green","William Hill (New Jersey)","53.5","-40.5","",""
"401520233","Michigan State","Washington","Bovada","57.5","15.0","500","-750"
"401520233","Michigan State","Washington","DraftKings","","15","525",""
"401520233","Michigan State","Washington","William Hill (New Jersey)","57","14.5","",""
"401520236","Missouri","Kansas State","DraftKings","","2","142",""
"401520236","Missouri","Kansas State","William Hill (New Jersey)","48","3.5","",""
"401520236","Missouri","Kansas State","Bovada","49.0","3.5","190","-230"
"401520237","Nebraska","Northern Illinois","William Hill (New Jersey)","42.5","-11.5","",""
"401520237","Nebraska","Northern Illinois","Bovada","43.0","-11.5","-500","360"
"401520239","North Carolina","Minnesota","DraftKings","","-6","-265",""
"401520239","North Carolina","Minnesota","Bovada","52.0","-7.0","-285","235"
"401520239","North Carolina","Minnesota","William Hill (New Jersey)","51","-7","",""
"401520240","Ohio State","Western Kentucky","William Hill (New Jersey)","65","-29.5","",""
"401520240","Ohio State","Western Kentucky","Bovada","64.5","-29.5","-6500","1300"
"401520241","Ole Miss","Georgia Tech","Bovada","61.5","-17.0","-1400","750"
"401520241","Ole Miss","Georgia Tech","William Hill (New Jersey)","61.5","-17","",""
"401520243","Rutgers","Virginia Tech","Bovada","37.5","-6.5","-185","160"
"401520243","Rutgers","Virginia Tech","Caesars Sportsbook (Colorado)","37.5","-6.5","",""
"401520247","UNLV","Vanderbilt","Bovada","57.0","4.5","175","-210"
"401520247","UNLV","Vanderbilt","William Hill (New Jersey)","56.5","4.5","",""
"401520249","Wisconsin","Georgia Southern","Bovada","65.5","-20.5","-900","575"
"401520249","Wisconsin","Georgia Southern","William Hill (New Jersey)","65.5","-20.5","",""
"401531849","Coastal Carolina","Georgia State","Bovada","63.0","-6.5","-240","200"
"401531849","Coastal Carolina","Georgia State","DraftKings","62.5","-6.5","-245","200"
"401531849","Coastal Carolina","Georgia State","William Hill (New Jersey)","62.5","-4.5","",""
"401531871","Ball State","Georgia Southern","Bovada","61.5","6.0","225","-275"
"401531871","Ball State","Georgia Southern","DraftKings","61","6","190","-245"
"401531871","Ball State","Georgia Southern","William Hill (New Jersey)","60","6","",""
"401531872","Utah State","James Madison","Bovada","52.5","5.0","190","-230"
"401531872","Utah State","James Madison","DraftKings","52.5","4.5","180","-198"
"401531872","Utah State","James Madison","William Hill (New Jersey)","53.5","5.5","",""
"401531874","Arkansas State","Southern Mississippi","Bovada","46.5","7.0","190","-230"
"401531874","Arkansas State","Southern Mississippi","DraftKings","49","6","195","-230"
"401531874","Arkansas State","Southern Mississippi","William Hill (New Jersey)","46.5","7","",""
"401531875","Louisiana","Buffalo","Bovada","57.5","-10.5","-340","270"
"401531875","Louisiana","Buffalo","DraftKings","57.5","-10","-375","295"
"401531875","Louisiana","Buffalo","William Hill (New Jersey)","57.5","-10.5","",""
"401531876","South Alabama","Central Michigan","Bovada","47.5","-16.0","-700","475"
"401531876","South Alabama","Central Michigan","DraftKings","47.5","-16","-750","490"
"401531876","South Alabama","Central Michigan","William Hill (New Jersey)","46.5","-16.5","",""
"401531877","Texas State","Nevada","Bovada","59.5","-17.0","-800","525"
"401531877","Texas State","Nevada","DraftKings","59","-17","-950","575"
"401531877","Texas State","Nevada","William Hill (New Jersey)","60","-17","",""
"401532405","Bowling Green","Ohio","Bovada","45.0","13.0","280","-360"
"401532405","Bowling Green","Ohio","DraftKings","44.5","13","350","-520"
"401532405","Bowling Green","Ohio","William Hill (New Jersey)","45","13","",""
"401532406","Toledo","Western Michigan","Bovada","52.0","-21.5","-1200","700"
"401532406","Toledo","Western Michigan","DraftKings","53.5","-21.5","-1450","850"
"401532406","Toledo","Western Michigan","William Hill (New Jersey)","52.5","-21.5","",""
"401532407","Fresno State","Kent State","DraftKings","47.5","-28","-4000","1700"
"401532407","Fresno State","Kent State","Bovada","47.0","-27.0","-5000","1300"
"401532407","Fresno State","Kent State","William Hill (New Jersey)","47.5","-27.5","",""
"401532408","Miami (OH)","Delaware State","Caesars Sportsbook (Colorado)","49.5","-40.5","",""
"401532584","San José State","Air Force","Bovada","45.0","6.5","160","-185"
"401532584","San José State","Air Force","DraftKings","45.5","6","215","-230"
"401532584","San José State","Air Force","William Hill (New Jersey)","45.5","6","",""
"401520250","Alabama","Ole Miss","Bovada","55.5","-7.0","-260","215"
"401520250","Alabama","Ole Miss","DraftKings","55.5","-7","-258","225"
"401520250","Alabama","Ole Miss","William Hill (New Jersey)","56","-7","",""
"401520251","Florida","Charlotte","Bovada","48.5","-27.5","-6500","1300"
"401520251","Florida","Charlotte","DraftKings","48.5","-28","-5000","1800"
"401520251","Florida","Charlotte","William Hill (New Jersey)","48.5","-28","",""
"401520252","Georgia","UAB","Bovada","57.0","-41.0","",""
"401520252","Georgia","UAB","DraftKings","54.5","-41.5","",""
"401520252","Georgia","UAB","William Hill (New Jersey)","56","-40","",""
"401520253","Hawai'i","New Mexico State","Bovada","55.0","-4.0","-140","120"
"401520253","Hawai'i","New Mexico State","DraftKings","57.5","-3","-192","130"
"401520253","Hawai'i","New Mexico State","William Hill (New Jersey)","54.5","-4","",""
"401531881","Marshall","Old Dominion","DraftKings","46.5","-14","-650","470"
"401531881","Marshall","Old Dominion","Bovada","47.0","-14.0","-585","410"
"401531882","Louisiana Monroe","Appalachian State","DraftKings","53","13.5","425","-575"
"401531882","Louisiana Monroe","Appalachian State","Bovada","53.0","13.5","390","-550"
"401531883","Southern Mississippi","Texas State","Bovada","60.5","7.0","215","-260"
"401531883","Southern Mississippi","Texas State","DraftKings","60.5","7","230","-285"
"401532409","Western Michigan","Ball State","DraftKings","52.5","-1","-115","-105"
"401532409","Western Michigan","Ball State","Bovada","52.0","-1.0","-115","-105"
"401532410","Central Michigan","Eastern Michigan","DraftKings","48","-7.5","-325","260"
"401532410","Central Michigan","Eastern Michigan","Bovada","47.5","-7.5","-300","250"
"401532411","Toledo","Northern Illinois","DraftKings","50","-12.5","-600","440"
"401532411","Toledo","Northern Illinois","Bovada","50.0","-13.5","-525","375"
"401532412","Akron","Buffalo","DraftKings","55.5","-2.5","-135","114"
"401532412","Akron","Buffalo","Bovada","55.5","-2.5","-140","120"
"401532413","Kent State","Miami (OH)","DraftKings","49.5","15.5","490","-675"
"401532413","Kent State","Miami (OH)","Bovada","49.5","14.5","430","-625"
"401532586","UNLV","Hawai'i","Bovada","59.0","-11.0","-440","330"
"401532586","UNLV","Hawai'i","DraftKings","59","-11","-425","330"
"401532587","Fresno State","Nevada","DraftKings","52.5","-24.5","-2800","1300"
"401532587","Fresno State","Nevada","Bovada","53.0","-24.5","-2200","1000"
"401532588","Wyoming","New Mexico","Bovada","41.0","-14.0","",""
"401532588","Wyoming","New Mexico","DraftKings","42","-14.5","-625","455"
"401532589","Air Force","San Diego State","DraftKings","43.5","-10.5","-380","300"
"401532589","Air Force","San Diego State","Bovada","44.0","-11.0","-430","320"
"401520280","Auburn","Georgia","Bovada","47.0","14.5","475","-700"
"401520280","Auburn","Georgia","DraftKings","47","14.5","455","-625"
"401520281","Iowa","Michigan State","DraftKings","36.5","-11.5","-455","350"
"401520281","Iowa","Michigan State","Bovada","36.5","-12.0","-470","345"
"401520282","Kentucky","Florida","DraftKings","46","-2.5","-142","120"
"401520282","Kentucky","Florida","Bovada","46.5","-2.5","-140","120"
"401520285","Mississippi State","Alabama","DraftKings","46","14.5","525","-750"
"401520285","Mississippi State","Alabama","Bovada","46.5","14.0","430","-625"
"401520288","Ole Miss","LSU","DraftKings","65.5","3","136","-162"
"401520288","Ole Miss","LSU","Bovada","65.5","3.0","130","-150"
"401520289","Purdue","Illinois","DraftKings","53.5","-1","-115","-105"
"401520289","Purdue","Illinois","Bovada","53.0","-1.0","-115","-105"
"401520291","Tennessee","South Carolina","Bovada","63.0","-13.0","-490","355"
"401520291","Tennessee","South Carolina","DraftKings","63.5","-12.5","-520","390"
"401520292","Connecticut","Utah State","DraftKings","51","4.5","170","-205"
"401520292","Connecticut","Utah State","Bovada","51.0","4.5","165","-195"
"401520352","Florida","Georgia","Bovada","","21.5","",""
"401520352","Florida","Georgia","DraftKings","","21.5","",""
"401524044","Utah","Oregon","Bovada","","-1.5","",""
"401524044","Utah","Oregon","DraftKings","","-1.5","",""
"401525534","NC State","Clemson","Bovada","","10.5","",""
"401525534","NC State","Clemson","DraftKings","","10.5","",""
"401520374","Ole Miss","Texas A&M","DraftKings","","-3","",""
"401524048","USC","Washington","Bovada","","-6.0","",""
"401524048","USC","Washington","DraftKings","","-6","",""
"401525441","Clemson","Notre Dame","Bovada","","-5.0","",""
"401525441","Clemson","Notre Dame","DraftKings","","-4","",""
"401525883","Oklahoma State","Oklahoma","Bovada","","8.0","",""
"401525883","Oklahoma State","Oklahoma","DraftKings","","8","",""
"401525884","Texas","Kansas State","Bovada","","-9.5","",""
"401525884","Texas","Kansas State","DraftKings","","-9.5","",""
"401520362","Alabama","LSU","Bovada","","-7.0","",""
"401520362","Alabama","LSU","DraftKings","","-7","",""
"401540173","Southern Illinois","Austin Peay","Bovada","55.0","-7.5","",""
"401520435","Michigan State","Penn State","Bovada","","13.0","",""
"401520435","Michigan State","Penn State","DraftKings","","13","",""
"401525562","NC State","North Carolina","Bovada","","2.5","",""
"401525562","NC State","North Carolina","DraftKings","","2.5","",""
"401531834","Georgia State","Rhode Island","DraftKings","61.5","-17.5","-1000","650"
"401531834","Georgia State","Rhode Island","Bovada","56.0","-16.5","-1200","700"
"401531834","Georgia State","Rhode Island","William Hill (New Jersey)","61.5","-18","",""
"401520195","Kansas","Illinois","DraftKings","56.5","-3.5","-166","140"
"401520195","Kansas","Illinois","Bovada","57.5","-4.0","-180","155"
"401520195","Kansas","Illinois","William Hill (New Jersey)","57.5","-3.5","",""
"401532582","Boise State","North Dakota","William Hill (New Jersey)","58","-15","",""
"401520219","Arizona","UTEP","Bovada","57.5","-18.5","-950","600"
"401520219","Arizona","UTEP","William Hill (New Jersey)","57","-18","",""
"401520221","Auburn","Samford","William Hill (New Jersey)","62","-37.5","",""
"401520222","Buffalo","Liberty","Bovada","54.0","3.0","150","-175"
"401520222","Buffalo","Liberty","William Hill (New Jersey)","54","2.5","",""
"401520225","Georgia","South Carolina","DraftKings","","-24.5","",""
"401520225","Georgia","South Carolina","Bovada","53.5","-26.5","-7000","1300"
"401520225","Georgia","South Carolina","William Hill (New Jersey)","54.5","-27","",""
"401525505","Virginia","NC State","Bovada","47.0","8.0","285","-370"
"401525505","Virginia","NC State","DraftKings","48","7.5","260","-310"
"401525505","Virginia","NC State","William Hill (New Jersey)","47.5","8.5","",""
"401532583","San Diego State","Boise State","Bovada","47.5","4.5","225","-275"
"401532583","San Diego State","Boise State","DraftKings","46.5","6.5","170","-250"
"401532583","San Diego State","Boise State","William Hill (New Jersey)","46","6.5","",""
"401520266","Purdue","Wisconsin","Bovada","54.0","6.0","220","-270"
"401520266","Purdue","Wisconsin","DraftKings","54.5","6.5","205","-265"
"401520266","Purdue","Wisconsin","William Hill (New Jersey)","54","5.5","",""
"401531339","Tulsa","Temple","Bovada","54.5","-3.5","-170","145"
"401531339","Tulsa","Temple","DraftKings","54.5","-3.5","-180","150"
"401520277","Western Kentucky","Middle Tennessee","Bovada","60.0","-5.5","-225","185"
"401520277","Western Kentucky","Middle Tennessee","DraftKings","59.5","-5.5","-230","190"
"401524020","Oregon State","Utah","DraftKings","45.5","-3","-155","130"
"401524020","Oregon State","Utah","Bovada","44.5","-3.0","-150","130"
"401525512","NC State","Louisville","Bovada","55.5","3.0","145","-170"
"401525512","NC State","Louisville","DraftKings","55.5","3.5","142","-170"
"401520278","UTEP","Louisiana Tech","DraftKings","53","-1","-115","-105"
"401520278","UTEP","Louisiana Tech","Bovada","52.5","1.0","-110","-110"
"401520279","Arkansas","Texas A&M","DraftKings","55.5","6.5","220","-270"
"401520279","Arkansas","Texas A&M","Bovada","54.5","6.5","210","-250"
"401520283","Maryland","Indiana","DraftKings","50.5","-14","-625","455"
"401520283","Maryland","Indiana","Bovada","50.0","-14.0","-625","430"
"401520286","Nebraska","Michigan","DraftKings","40","18","650","-1000"
"401520286","Nebraska","Michigan","Bovada","40.0","17.5","575","-900"
"401520287","Northwestern","Penn State","DraftKings","46","25.5","1500","-3600"
"401520287","Northwestern","Penn State","Bovada","46.0","25.5","1100","-3300"
"401520293","Vanderbilt","Missouri","Bovada","56.0","13.5","390","-550"
"401520293","Vanderbilt","Missouri","DraftKings","56.5","13.5","425","-575"
"401524021","Arizona","Washington","DraftKings","67.5","18","675","-1050"
"401524021","Arizona","Washington","Bovada","68.5","17.5","575","-900"
"401520275","Florida International","Liberty","Bovada","52.0","10.0","305","-410"
"401520275","Florida International","Liberty","DraftKings","53.5","10","300","-395"
"401520275","Florida International","Liberty","William Hill (New Jersey)","54","10","",""
"401525874","Kansas","Oklahoma","Bovada","","7.0","",""
"401525874","Kansas","Oklahoma","DraftKings","","7","",""
"401525529","Miami","Clemson","Bovada","","9.5","",""
"401525529","Miami","Clemson","DraftKings","","10","",""
"401520333","Alabama","Tennessee","DraftKings","","-9.5","",""
"401520333","Alabama","Tennessee","Bovada","","-9.5","",""
"401520340","Michigan State","Michigan","DraftKings","","19","",""
"401520340","Michigan State","Michigan","Bovada","","19.0","",""
"401520343","Ohio State","Penn State","DraftKings","","-10","",""
"401520343","Ohio State","Penn State","Bovada","","-10.0","",""
"401525549","North Carolina","Duke","Bovada","","-9.5","",""
"401525549","North Carolina","Duke","DraftKings","","-9.5","",""
"401525550","Florida State","Miami","DraftKings","","-15","",""
"401525550","Florida State","Miami","Bovada","","-15.0","",""
"401525891","TCU","Texas","Bovada","","6.0","",""
"401525891","TCU","Texas","DraftKings","","6","",""
"401520382","Georgia","Ole Miss","DraftKings","","-19.5","",""
"401520382","Georgia","Ole Miss","Bovada","","-19.5","",""
"401520427","Auburn","Alabama","DraftKings","","14","",""
"401520427","Auburn","Alabama","Bovada","","14.0","",""
"401520429","Florida","Florida State","Bovada","","9.0","",""
"401520429","Florida","Florida State","DraftKings","","9","",""
"401520433","LSU","Texas A&M","DraftKings","","-9.5","",""
"401520434","Michigan","Ohio State","Bovada","","-2.5","",""
"401520434","Michigan","Ohio State","DraftKings","","-2.5","",""
"401520441","South Carolina","Clemson","DraftKings","","7","",""
"401520441","South Carolina","Clemson","Bovada","","7.0","",""
"401532393","Western Michigan","St Francis (PA)","William Hill (New Jersey)","58","-14","",""
"401520174","Connecticut","NC State","Bovada","48.0","14.5","500","-750"
"401520174","Connecticut","NC State","DraftKings","48","14.5","500","-675"
"401520174","Connecticut","NC State","Caesars Sportsbook (Colorado)","47.5","14.5","",""
"401520174","Connecticut","NC State","consensus","48","16.5","",""
"401520174","Connecticut","NC State","teamrankings","47.5","15","",""
"401520165","Missouri","South Dakota","DraftKings","44.5","-27","-6500","2000"
"401520165","Missouri","South Dakota","Bovada","45.5","-28.0","-10000","1600"
"401520165","Missouri","South Dakota","William Hill (New Jersey)","44.5","-27","",""
"401520176","Utah","Florida","DraftKings","44.5","-5.5","-225","185"
"401520176","Utah","Florida","Bovada","44.0","-5.5","-230","190"
"401520176","Utah","Florida","Caesars Sportsbook (Colorado)","44.5","-5.5","",""
"401520176","Utah","Florida","consensus","48","-8","",""
"401520176","Utah","Florida","teamrankings","46.5","-7","",""
"401531337","Tulsa","Arkansas-Pine Bluff","DraftKings","52.5","-40.5","",""
"401531337","Tulsa","Arkansas-Pine Bluff","Bovada","55.0","-38.5","",""
"401531337","Tulsa","Arkansas-Pine Bluff","William Hill (New Jersey)","52.5","-41","",""
"401532394","Eastern Michigan","Howard","William Hill (New Jersey)","55.5","-20","",""
"401525463","Miami","Miami (OH)","Bovada","45.0","-16.5","-900","575"
"401525463","Miami","Miami (OH)","DraftKings","45.5","-16.5","-850","550"
"401525463","Miami","Miami (OH)","William Hill (New Jersey)","45","-16.5","",""
"401525463","Miami","Miami (OH)","teamrankings","46.5","-17","",""
"401525462","Georgia Tech","Louisville","Bovada","49.5","7.5","250","-300"
"401525462","Georgia Tech","Louisville","DraftKings","49.5","7.5","250","-290"
"401525462","Georgia Tech","Louisville","Caesars Sportsbook (Colorado)","49.5","7","",""
"401525462","Georgia Tech","Louisville","consensus","51.5","8","",""
"401525462","Georgia Tech","Louisville","teamrankings","51","8","",""
"401523988","Hawai'i","Stanford","Bovada","54.5","2.5","235","-285"
"401523988","Hawai'i","Stanford","DraftKings","55.5","3","110","-155"
"401523988","Hawai'i","Stanford","Caesars Sportsbook (Colorado)","54","2","",""
"401523988","Hawai'i","Stanford","teamrankings","58.5","7","",""
"401520157","Iowa","Utah State","DraftKings","43.5","-23.5","-2100","1100"
"401520157","Iowa","Utah State","Bovada","43.5","-24.0","-2800","1100"
"401520157","Iowa","Utah State","William Hill (New Jersey)","43.5","-24","",""
"401520157","Iowa","Utah State","teamrankings","43","-23","",""
"401520159","Kentucky","Ball State","Bovada","48.5","-25.5","-5000","1200"
"401520159","Kentucky","Ball State","DraftKings","49","-26.5","-4000","1700"
"401520159","Kentucky","Ball State","William Hill (New Jersey)","49","-25","",""
"401520159","Kentucky","Ball State","teamrankings","48.5","-26.5","",""
"401520160","Liberty","Bowling Green","DraftKings","49.5","-9.5","-305","275"
"401520160","Liberty","Bowling Green","Bovada","48.0","-7.0","-500","360"
"401520160","Liberty","Bowling Green","William Hill (New Jersey)","48.5","-8.5","",""
"401520160","Liberty","Bowling Green","teamrankings","51.5","-12","",""
"401520170","Purdue","Fresno State","DraftKings","47","-4","-180","154"
"401520170","Purdue","Fresno State","Bovada","46.5","-4.0","-180","155"
"401520170","Purdue","Fresno State","William Hill (New Jersey)","47","-4","",""
"401520170","Purdue","Fresno State","consensus","51.5","-5.5","",""
"401520170","Purdue","Fresno State","teamrankings","50.5","-4","",""
"401520172","SMU","Louisiana Tech","Bovada","66.5","-21.0","-1000","625"
"401520172","SMU","Louisiana Tech","DraftKings","66.5","-20","-1450","800"
"401520172","SMU","Louisiana Tech","Caesars Sportsbook (Colorado)","66","-21","",""
"401520172","SMU","Louisiana Tech","teamrankings","65.5","-18.5","",""
"401520179","Tennessee","Virginia","DraftKings","56","-28","-4500","1800"
"401520179","Tennessee","Virginia","Bovada","55.5","-27.0","",""
"401520179","Tennessee","Virginia","William Hill (New Jersey)","56","-27.5","",""
"401520179","Tennessee","Virginia","consensus","58.5","-28","",""
"401520179","Tennessee","Virginia","teamrankings","58.5","-28","",""
"401523994","TCU","Colorado","Bovada","63.5","-21.0","-900","575"
"401523994","TCU","Colorado","DraftKings","63.5","-20.5","-1350","850"
"401523994","TCU","Colorado","teamrankings","59.5","-20.5","",""
"401523994","TCU","Colorado","Caesars Sportsbook (Colorado)","63","-21","",""
"401523994","TCU","Colorado","consensus","59","-20","",""
"401525464","Boston College","Northern Illinois","DraftKings","50.5","-8.5","-305","260"
"401525464","Boston College","Northern Illinois","Bovada","50.0","-8.0","-360","280"
"401525464","Boston College","Northern Illinois","William Hill (New Jersey)","50","-8","",""
"401525464","Boston College","Northern Illinois","consensus","52","-10","",""
"401525464","Boston College","Northern Illinois","teamrankings","52","-9.5","",""
"401525822","Oklahoma","Arkansas State","Bovada","58.0","-36.5","-20000","3000"
"401525822","Oklahoma","Arkansas State","DraftKings","58","-36","",""
"401525822","Oklahoma","Arkansas State","William Hill (New Jersey)","57.5","-36","",""
"401525822","Oklahoma","Arkansas State","teamrankings","61","-33","",""
"401520168","Ole Miss","Mercer","Bovada","58.5","-34.0","",""
"401520168","Ole Miss","Mercer","William Hill (New Jersey)","59.5","-35","",""
"401525820","Iowa State","Northern Iowa","Bovada","41.5","-7.5","-370","285"
"401525820","Iowa State","Northern Iowa","William Hill (New Jersey)","40.5","-7","",""
"401531387","Temple","Akron","Bovada","55.0","-9.5","-420","315"
"401531387","Temple","Akron","DraftKings","56.5","-10","-340","300"
"401531387","Temple","Akron","William Hill (New Jersey)","55","-9.5","",""
"401531387","Temple","Akron","teamrankings","54.5","-10.5","",""
"401532395","Ohio","Long Island University","Bovada","57.5","-35.5","",""
"401532395","Ohio","Long Island University","William Hill (New Jersey)","58","-34.5","",""
"401532570","Air Force","Robert Morris","Bovada","51.5","-46.0","",""
"401532570","Air Force","Robert Morris","William Hill (New Jersey)","51","-47","",""
"401523992","Oregon","Portland State","Bovada","65.0","-48.5","",""
"401523992","Oregon","Portland State","William Hill (New Jersey)","64.5","-48","",""
"401520156","Indiana","Ohio State","Bovada","59.5","30.0","1600","-10000"
"401520156","Indiana","Ohio State","DraftKings","59","30","2500","-8000"
"401520156","Indiana","Ohio State","William Hill (New Jersey)","59","30","",""
"401520156","Indiana","Ohio State","consensus","59.5","27.5","",""
"401520156","Indiana","Ohio State","teamrankings","59.5","28","",""
"401520151","Auburn","UMass","DraftKings","52","-35","",""
"401520151","Auburn","UMass","Bovada","51.0","-35.0","",""
"401520151","Auburn","UMass","Caesars Sportsbook (Colorado)","52","-35","",""
"401520151","Auburn","UMass","consensus","53.5","-39","",""
"401520151","Auburn","UMass","teamrankings","53","-39","",""
"401520161","Maryland","Towson","Bovada","56.5","-38.5","",""
"401520161","Maryland","Towson","William Hill (New Jersey)","55.5","-38.5","",""
"401520180","Wisconsin","Buffalo","Bovada","52.5","-28.5","-7500","1400"
"401520180","Wisconsin","Buffalo","DraftKings","54","-28","-8000","1800"
"401520180","Wisconsin","Buffalo","William Hill (New Jersey)","52.5","-29","",""
"401520180","Wisconsin","Buffalo","consensus","55","-24","",""
"401520180","Wisconsin","Buffalo","teamrankings","55","-25.5","",""
"401520316","Alabama","Arkansas","DraftKings","","-18","",""
"401520316","Alabama","Arkansas","Bovada","","-18.0","",""
"401520319","LSU","Auburn","Bovada","","-16.5","",""
"401520319","LSU","Auburn","DraftKings","","-16.5","",""
"401524062","USC","UCLA","Bovada","","-12.0","",""
"401524062","USC","UCLA","DraftKings","","-12","",""
"401525554","Clemson","North Carolina","Bovada","","-10.5","",""
"401525554","Clemson","North Carolina","DraftKings","","-11.5","",""
"401525896","Kansas","Kansas State","Bovada","","6.0","",""
"401525896","Kansas","Kansas State","DraftKings","","6","",""
"401525897","TCU","Baylor","Bovada","","-4.0","",""
"401525897","TCU","Baylor","DraftKings","","-4","",""
"401531840","Southern Mississippi","Alcorn State","Bovada","47.5","-24.5","-5000","1300"
"401531840","Southern Mississippi","Alcorn State","William Hill (New Jersey)","47.5","-24","",""
"401525824","Texas","Rice","Bovada","58.5","-35.5","",""
"401525824","Texas","Rice","DraftKings","59","-35","",""
"401525824","Texas","Rice","William Hill (New Jersey)","59","-35.5","",""
"401525824","Texas","Rice","teamrankings","59.5","-35","",""
"401523991","North Texas","California","Bovada","53.5","4.5","240","-290"
"401523991","North Texas","California","DraftKings","54","6.5","170","-245"
"401523991","North Texas","California","William Hill (New Jersey)","53.5","5","",""
"401523991","North Texas","California","consensus","57.5","9","",""
"401523991","North Texas","California","teamrankings","57.5","7.5","",""
"401523996","USC","Nevada","Bovada","63.5","-38.0","",""
"401523996","USC","Nevada","DraftKings","63.5","-38","",""
"401523996","USC","Nevada","Caesars Sportsbook (Colorado)","63.5","-37.5","",""
"401523996","USC","Nevada","teamrankings","63.5","-38","",""
"401520173","Texas A&M","New Mexico","Bovada","49.0","-38.0","",""
"401520173","Texas A&M","New Mexico","DraftKings","49","-38","",""
"401520173","Texas A&M","New Mexico","William Hill (New Jersey)","48.5","-37.5","",""
"401520173","Texas A&M","New Mexico","teamrankings","48.5","-38","",""
"401520175","Louisiana Monroe","Army","Bovada","47.5","8.5","240","-290"
"401520175","Louisiana Monroe","Army","DraftKings","47","9","270","-355"
"401520175","Louisiana Monroe","Army","William Hill (New Jersey)","47","8.5","",""
"401520175","Louisiana Monroe","Army","teamrankings","48.5","7.5","",""
"401523990","Colorado State","Washington State","Bovada","53.5","8.5","360","-500"
"401523990","Colorado State","Washington State","DraftKings","55.5","11","295","-440"
"401523990","Colorado State","Washington State","Caesars Sportsbook (Colorado)","54","9.5","",""
"401523990","Colorado State","Washington State","teamrankings","58","12.5","",""
"401525817","Baylor","Texas State","Bovada","59.0","-27.0","-5000","1300"
"401525817","Baylor","Texas State","DraftKings","60.5","-27.5","-4500","1700"
"401525817","Baylor","Texas State","William Hill (New Jersey)","58.5","-26.5","",""
"401525817","Baylor","Texas State","teamrankings","58","-25.5","",""
"401525819","Houston","UT San Antonio","DraftKings","60","1.5","110","-125"
"401525819","Houston","UT San Antonio","Bovada","59.0","2.5","100","-120"
"401525819","Houston","UT San Antonio","Caesars Sportsbook (Colorado)","59.5","2.5","",""
"401525819","Houston","UT San Antonio","consensus","61","0","",""
"401525819","Houston","UT San Antonio","teamrankings","61","1","",""
"401520149","Alabama","Middle Tennessee","DraftKings","51.5","-39.5","",""
"401520149","Alabama","Middle Tennessee","Bovada","51.5","-39.5","",""
"401520149","Alabama","Middle Tennessee","William Hill (New Jersey)","52","-39.5","",""
"401520149","Alabama","Middle Tennessee","teamrankings","54.5","-39","",""
"401520155","Illinois","Toledo","DraftKings","45.5","-9.5","-290","280"
"401520155","Illinois","Toledo","Bovada","45.0","-7.5","-370","285"
"401520155","Illinois","Toledo","William Hill (New Jersey)","45.5","-7","",""
"401520155","Illinois","Toledo","consensus","49.5","-10","",""
"401520155","Illinois","Toledo","teamrankings","49.5","-9","",""
"401520167","North Carolina","South Carolina","Bovada","63.5","-2","105","-125"
"401520167","North Carolina","South Carolina","DraftKings","64.5","-2.5","-142","120"
"401520167","North Carolina","South Carolina","William Hill (New Jersey)","63.5","2.5","",""
"401520167","North Carolina","South Carolina","consensus","62.5","2.5","",""
"401520167","North Carolina","South Carolina","teamrankings","62.5","2.5","",""
"401520169","Penn State","West Virginia","Bovada","48.0","-20.5","-1400","750"
"401520169","Penn State","West Virginia","DraftKings","48","-20.5","-1600","850"
"401520169","Penn State","West Virginia","Caesars Sportsbook (Colorado)","48","-21","",""
"401520169","Penn State","West Virginia","consensus","53.5","-20.5","",""
"401520169","Penn State","West Virginia","teamrankings","53.5","-20.5","",""
"401531347","Tulane","South Alabama","DraftKings","52","-6.5","-230","200"
"401531347","Tulane","South Alabama","Bovada","51.0","-6.0","-250","210"
"401531347","Tulane","South Alabama","Caesars Sportsbook (Colorado)","51","-6","",""
"401531347","Tulane","South Alabama","teamrankings","55.5","-7","",""
"401520200","Maryland","Charlotte","Bovada","50.0","-24.5","-3500","1100"
"401520200","Maryland","Charlotte","DraftKings","50.5","-24.5","-2800","1300"
"401520200","Maryland","Charlotte","William Hill (New Jersey)","50","-24.5","",""
"401520204","Minnesota","Eastern Michigan","Bovada","48.0","-19.5","-1300","725"
"401520204","Minnesota","Eastern Michigan","DraftKings","48","-20","-1200","800"
"401520204","Minnesota","Eastern Michigan","William Hill (New Jersey)","48","-19.5","",""
"401520205","Mississippi State","Arizona","Bovada","60.0","-9.0","-420","315"
"401520205","Mississippi State","Arizona","DraftKings","60","-8.5","-325","270"
"401520205","Mississippi State","Arizona","William Hill (New Jersey)","60","-9","",""
"401520210","Rutgers","Temple","Bovada","43.5","-7.5","-400","300"
"401520210","Rutgers","Temple","DraftKings","44","-8","-305","250"
"401520210","Rutgers","Temple","Caesars Sportsbook (Colorado)","43.5","-7.5","",""
"401520217","Washington State","Wisconsin","Bovada","57.5","5.5","155","-180"
"401520217","Washington State","Wisconsin","DraftKings","58","5.5","180","-225"
"401520217","Washington State","Wisconsin","William Hill (New Jersey)","58","5","",""
"401524001","San Diego State","UCLA","Bovada","49.0","13.5","400","-575"
"401524001","San Diego State","UCLA","DraftKings","49.5","14","380","-600"
"401524001","San Diego State","UCLA","William Hill (New Jersey)","49","13","",""
"401525493","Florida State","Southern Mississippi","Bovada","54.0","-31.0","-10000","1600"
"401525493","Florida State","Southern Mississippi","DraftKings","54","-31","-8000","2200"
"401525493","Florida State","Southern Mississippi","William Hill (New Jersey)","54","-31","",""
"401520186","California","Auburn","DraftKings","55.5","4.5","170","-192"
"401520186","California","Auburn","Bovada","55.5","5.0","225","-275"
"401520186","California","Auburn","William Hill (New Jersey)","55.5","5","",""
"401523998","Arizona State","Oklahoma State","Bovada","53.5","2.5","145","-170"
"401523998","Arizona State","Oklahoma State","DraftKings","53.5","2.5","114","-135"
"401523998","Arizona State","Oklahoma State","William Hill (New Jersey)","53.5","2.5","",""
"401524003","USC","Stanford","Bovada","70.0","-28.5","-10000","1600"
"401524003","USC","Stanford","DraftKings","69.5","-29","-5000","1800"
"401524003","USC","Stanford","William Hill (New Jersey)","70.5","-28.5","",""
"401531428","Memphis","Navy","Bovada","46.5","-12.0","-650","450"
"401531428","Memphis","Navy","William Hill (New Jersey)","47","-12.5","",""
"401531396","UT San Antonio","Army","Bovada","41.5","-7.0","-285","235"
"401531396","UT San Antonio","Army","William Hill (New Jersey)","42","-7","",""
"401532581","Air Force","Utah State","Bovada","45.5","-8.5","-380","290"
"401532581","Air Force","Utah State","William Hill (New Jersey)","45.5","-9","",""
"401520226","Illinois","Penn State","DraftKings","","12.5","425",""
"401520226","Illinois","Penn State","Bovada","47.5","14.0","475","-700"
"401520226","Illinois","Penn State","William Hill (New Jersey)","47.5","14","",""
"401520230","Indiana","Louisville","Bovada","50.0","10.0","280","-360"
"401520230","Indiana","Louisville","William Hill (New Jersey)","51","10","",""
"401520235","Mississippi State","LSU","Bovada","54.0","9.5","300","-400"
"401520235","Mississippi State","LSU","DraftKings","","7.5","295",""
"401520235","Mississippi State","LSU","William Hill (New Jersey)","54","9.5","",""
"401525500","Boston College","Florida State","Bovada","47.5","25.0","1600","-10000"
"401525500","Boston College","Florida State","William Hill (New Jersey)","48","25.5","",""
"401525504","Old Dominion","Wake Forest","Bovada","61.0","14.0","475","-700"
"401525504","Old Dominion","Wake Forest","William Hill (New Jersey)","60","13.5","",""
"401525838","Ohio","Iowa State","William Hill (New Jersey)","42","1.5","",""
"401525838","Ohio","Iowa State","Bovada","41.5","2.5","110","-130"
"401526834","Eastern Michigan","UMass","Bovada","49.5","-8.0","-410","305"
"401526834","Eastern Michigan","UMass","William Hill (New Jersey)","50","-7","",""
"401525437","Notre Dame","Central Michigan","Bovada","51.0","-35.0","",""
"401525437","Notre Dame","Central Michigan","William Hill (New Jersey)","51.5","-34.5","",""
"401520223","Duke","Northwestern","William Hill (New Jersey)","48","-17","",""
"401520223","Duke","Northwestern","Bovada","48.0","-17.0","-1200","700"
"401520244","South Florida","Alabama","William Hill (New Jersey)","61","34","",""
"401520244","South Florida","Alabama","Bovada","60.5","34.5","2500","-20000"
"401520246","Connecticut","Florida International","Bovada","44.0","-7.0","-410","305"
"401520246","Connecticut","Florida International","William Hill (New Jersey)","43","-7","",""
"401524009","Oregon State","San Diego State","Bovada","48.5","-24.5","-2500","1000"
"401524009","Oregon State","San Diego State","William Hill (New Jersey)","48.5","-24.5","",""
"401525842","Tulsa","Oklahoma","Bovada","59.0","28.0","1200","-5000"
"401525842","Tulsa","Oklahoma","William Hill (New Jersey)","58.5","28","",""
"401531338","Northern Illinois","Tulsa","Bovada","54.5","-4.0","-175","150"
"401531338","Northern Illinois","Tulsa","DraftKings","54.5","-4","-192","160"
"401531338","Northern Illinois","Tulsa","William Hill (New Jersey)","54.5","-3.5","",""
"401531349","Tulane","Nicholls","William Hill (New Jersey)","55.5","-38","",""
"401531423","South Florida","Rice","Bovada","57.5","2.5","105","-125"
"401531423","South Florida","Rice","DraftKings","58","2.5","136","-142"
"401531423","South Florida","Rice","William Hill (New Jersey)","56.5","2.5","",""
"401520260","Michigan","Rutgers","DraftKings","44","-24","-2800","1100"
"401520260","Michigan","Rutgers","Bovada","43.0","-23.5","-2800","1100"
"401520260","Michigan","Rutgers","Caesars Sportsbook (Colorado)","44.5","-24","",""
"401520261","Michigan State","Maryland","Bovada","52.5","7.5","180","-220"
"401520261","Michigan State","Maryland","DraftKings","52.5","7.5","230","-305"
"401520261","Michigan State","Maryland","William Hill (New Jersey)","52.5","7","",""
"401520272","Connecticut","Duke","Bovada","45.0","22.0","850","-1800"
"401520272","Connecticut","Duke","DraftKings","44.5","22.5","1000","-2100"
"401520272","Connecticut","Duke","William Hill (New Jersey)","45","22","",""
"401531413","East Carolina","Gardner-Webb","William Hill (New Jersey)","51","-13","",""
"401520254","Houston","Sam Houston State","Bovada","37.0","-11.5","-440","330"
"401520254","Houston","Sam Houston State","DraftKings","37.5","-11.5","-470","350"
"401520254","Houston","Sam Houston State","William Hill (New Jersey)","37","-11.5","",""
"401520262","Middle Tennessee","Colorado State","Bovada","50.0","-4.0","-130","110"
"401520262","Middle Tennessee","Colorado State","DraftKings","51.5","-3","-192","130"
"401520262","Middle Tennessee","Colorado State","William Hill (New Jersey)","50","-3.5","",""
"401531870","Wyoming","Appalachian State","Bovada","45.0","-3.0","-130","110"
"401531870","Wyoming","Appalachian State","DraftKings","44","-3","-155","130"
"401531870","Wyoming","Appalachian State","William Hill (New Jersey)","45","-3","",""
"401520265","Penn State","Iowa","Bovada","38.0","-14.0","-575","400"
"401520265","Penn State","Iowa","DraftKings","39.5","-14.5","-700","470"
"401520265","Penn State","Iowa","William Hill (New Jersey)","38.5","-14","",""
"401521330","Notre Dame","Ohio State","Bovada","55.5","3.0","130","-150"
"401521330","Notre Dame","Ohio State","DraftKings","55.5","3.5","130","-166"
"401521330","Notre Dame","Ohio State","William Hill (New Jersey)","55.5","3","",""
"401525851","BYU","Cincinnati","DraftKings","50","-2.5","-142","120"
"401525851","BYU","Cincinnati","Bovada","48.0","-2.5","-135","115"
"401524022","California","Arizona State","DraftKings","49","-12","-470","360"
"401524022","California","Arizona State","Bovada","49.5","-11.5","-440","330"
"401524023","Colorado","USC","DraftKings","73.5","21.5","850","-1450"
"401524023","Colorado","USC","Bovada","74.5","21.5","750","-1400"
"401524024","Stanford","Oregon","Bovada","61.0","27.0","1200","-4000"
"401524024","Stanford","Oregon","DraftKings","61","27","1800","-5000"
"401525438","Duke","Notre Dame","DraftKings","52.5","5.5","180","-218"
"401525438","Duke","Notre Dame","Bovada","52.5","5.5","180","-220"
"401525513","Boston College","Virginia","DraftKings","55","-3","-162","136"
"401525513","Boston College","Virginia","Bovada","55.0","-3.0","-160","135"
"401525514","Syracuse","Clemson","DraftKings","52.5","7","225","-278"
"401525514","Syracuse","Clemson","Bovada","53.5","7.0","220","-270"
"401525515","Georgia Tech","Bowling Green","DraftKings","52.5","-22","-1800","1000"
"401525515","Georgia Tech","Bowling Green","Bovada","52.5","-22.5","-1200","700"
"401525516","Virginia Tech","Pittsburgh","DraftKings","41","2.5","120","-142"
"401525516","Virginia Tech","Pittsburgh","Bovada","40.0","2.5","110","-130"
"401525852","Oklahoma","Iowa State","Bovada","48.5","-20.0","-1300","725"
"401525852","Oklahoma","Iowa State","DraftKings","48.5","-20","-1650","950"
"401525853","TCU","West Virginia","DraftKings","51","-10.5","-470","360"
"401525853","TCU","West Virginia","Bovada","51.0","-11.0","-435","325"
"401525854","Texas","Kansas","Bovada","63.0","-17.0","-800","525"
"401525854","Texas","Kansas","DraftKings","64","-17","-900","600"
"401525855","Texas Tech","Houston","DraftKings","51.5","-10","-380","300"
"401525855","Texas Tech","Houston","Bovada","51.5","-10.0","-390","295"
"401525856","UCF","Baylor","Bovada","56.0","-11.5","-450","335"
"401525856","UCF","Baylor","DraftKings","55","-11.5","-455","360"
"401526836","UMass","Arkansas State","DraftKings","55.5","-1","-118","-102"
"401526836","UMass","Arkansas State","Bovada","55.0","-1.5","-120","100"
"401531370","Tulane","UAB","DraftKings","57","-21","-2100","1100"
"401531370","Tulane","UAB","Bovada","57.0","-22.0","-1400","750"
"401531404","SMU","Charlotte","DraftKings","56.5","-23","-2100","1100"
"401531404","SMU","Charlotte","Bovada","56.0","-23.5","-1800","850"
"401531414","Rice","East Carolina","Bovada","48.5","-3.0","-145","125"
"401531414","Rice","East Carolina","DraftKings","48","-3","-155","130"
"401531429","Memphis","Boise State","DraftKings","60","-3.5","-180","150"
"401531429","Memphis","Boise State","Bovada","59.5","-3.5","-170","145"
"401531878","Georgia Southern","Coastal Carolina","Bovada","62.0","-6.0","-230","190"
"401531878","Georgia Southern","Coastal Carolina","DraftKings","61.5","-6.5","-278","215"
"401531879","Georgia State","Troy","DraftKings","52","-1.5","-122","102"
"401531879","Georgia State","Troy","Bovada","51.5","-1.0","-115","-105"
"401531880","James Madison","South Alabama","DraftKings","51.5","-3","-155","130"
"401531880","James Madison","South Alabama","Bovada","52.0","-3.5","-165","140"
"401520284","Minnesota","Louisiana","Bovada","47.5","-10.0","",""
"401520284","Minnesota","Louisiana","DraftKings","47.5","-12.5","-500","380"
"401531424","Navy","South Florida","DraftKings","54.5","-4","-198","164"
"401531424","Navy","South Florida","Bovada","54.5","-4.0","-185","160"
"401520310","Texas A&M","Alabama","DraftKings","","8","",""
"401524031","Notre Dame","USC","Bovada","","1.5","",""
"401524031","Notre Dame","USC","DraftKings","","0","",""
"401520181","Western Kentucky","South Florida","DraftKings","70","-11.5","-535","350"
"401520181","Western Kentucky","South Florida","Bovada","71.5","-13.0","-480","350"
"401520181","Western Kentucky","South Florida","Caesars Sportsbook (Colorado)","71.5","-13.5","",""
"401520181","Western Kentucky","South Florida","teamrankings","70.5","-13.5","",""
"401523997","Washington","Boise State","Bovada","59.0","-14.5","-675","460"
"401523997","Washington","Boise State","DraftKings","58.5","-14","-650","440"
"401523997","Washington","Boise State","William Hill (New Jersey)","59","-14","",""
"401523997","Washington","Boise State","consensus","59","-14.5","",""
"401523997","Washington","Boise State","teamrankings","59","-14.5","",""
"401525435","Notre Dame","Tennessee State","Bovada","54.5","-48.0","",""
"401525435","Notre Dame","Tennessee State","William Hill (New Jersey)","55","-48.5","",""
"401525465","Pittsburgh","Wofford","Bovada","48.5","-37.5","",""
"401525465","Pittsburgh","Wofford","William Hill (New Jersey)","49.5","-37.5","",""
"401520419","Tennessee","Georgia","Bovada","","8.5","",""
"401520419","Tennessee","Georgia","DraftKings","","8.5","",""
"401520424","Mississippi State","Ole Miss","Bovada","","1.5","",""
"401520424","Mississippi State","Ole Miss","DraftKings","","1.5","",""
"401525900","Oklahoma","TCU","Bovada","","-7.0","",""
"401525900","Oklahoma","TCU","DraftKings","","-6.5","",""
"401524063","Oregon","Oregon State","Bovada","","-8.0","",""
"401524063","Oregon","Oregon State","DraftKings","","-7","",""
"401532398","Toledo","Texas Southern","DraftKings","59.5","-38","",""
"401532398","Toledo","Texas Southern","William Hill (New Jersey)","61","-40.5","",""
"401520183","Alabama","Texas","Bovada","53.5","-7.5","-300","250"
"401520183","Alabama","Texas","DraftKings","53.5","-7","-298","220"
"401520183","Alabama","Texas","William Hill (New Jersey)","53","-7","",""
"401520203","Michigan State","Richmond","DraftKings","43.5","-29.5","",""
"401520203","Michigan State","Richmond","William Hill (New Jersey)","43.5","-29.5","",""
"401532580","Wyoming","Portland State","DraftKings","51.5","-28","",""
"401532580","Wyoming","Portland State","William Hill (New Jersey)","51","-28","",""
"401525496","Pittsburgh","Cincinnati","Bovada","44.5","-6.5","-300","250"
"401525496","Pittsburgh","Cincinnati","DraftKings","44.5","-6.5","-265","210"
"401525496","Pittsburgh","Cincinnati","William Hill (New Jersey)","44.5","-6.5","",""
"401524018","Washington","California","Bovada","55.5","-20.0","-1500","775"
"401524018","Washington","California","DraftKings","57","-20.5","-1050","675"
"401524018","Washington","California","William Hill (New Jersey)","55.5","-21","",""
"401520269","Tennessee","UT San Antonio","Bovada","59.5","-24.5","-1400","750"
"401520269","Tennessee","UT San Antonio","William Hill (New Jersey)","59","-24","",""
"401520269","Tennessee","UT San Antonio","DraftKings","59","-21.5","-1800","850"
"401524017","Utah","UCLA","Bovada","51.0","-3.0","-240","200"
"401524017","Utah","UCLA","DraftKings","52.5","-5.5","-175","190"
"401524017","Utah","UCLA","William Hill (New Jersey)","50.5","-3","",""
"401524015","Oregon","Colorado","Bovada","70.0","-21.0","-1200","700"
"401524015","Oregon","Colorado","DraftKings","70","-21","-950","625"
"401524015","Oregon","Colorado","William Hill (New Jersey)","70","-21","",""
"401520258","LSU","Arkansas","DraftKings","55","-17.5","-1000","625"
"401520258","LSU","Arkansas","Bovada","56.0","-18.0","-950","600"
"401520258","LSU","Arkansas","William Hill (New Jersey)","55","-17.5","",""
"401525848","Kansas State","UCF","Bovada","52.5","-6.5","-260","215"
"401525848","Kansas State","UCF","DraftKings","52","-3.5","-238","150"
"401525848","Kansas State","UCF","William Hill (New Jersey)","53.5","-6","",""
"401524019","Washington State","Oregon State","Bovada","58.0","3.0","110","-130"
"401524019","Washington State","Oregon State","DraftKings","59","3","130","-155"
"401524019","Washington State","Oregon State","William Hill (New Jersey)","58.5","3","",""
"401525845","Cincinnati","Oklahoma","Bovada","57.0","14.0","375","-525"
"401525845","Cincinnati","Oklahoma","DraftKings","57.5","14","390","-535"
"401525845","Cincinnati","Oklahoma","William Hill (New Jersey)","58","13","",""
"401525510","Pittsburgh","North Carolina","Bovada","49.5","7.0","200","-240"
"401525510","Pittsburgh","North Carolina","DraftKings","50","7.5","215","-290"
"401525510","Pittsburgh","North Carolina","William Hill (New Jersey)","49.5","7","",""
"401520255","Illinois","Florida Atlantic","DraftKings","45.5","-15.5","-700","525"
"401520255","Illinois","Florida Atlantic","Bovada","45.5","-16.5","-585","410"
"401520255","Illinois","Florida Atlantic","William Hill (New Jersey)","45.5","-16","",""
"401520256","Indiana","Akron","Bovada","46.0","-16.5","-900","575"
"401520256","Indiana","Akron","DraftKings","46","-16.5","-800","550"
"401520256","Indiana","Akron","William Hill (New Jersey)","45.5","-16.5","",""
"401520259","Missouri","Memphis","Bovada","52.5","-6.5","-275","225"
"401520259","Missouri","Memphis","DraftKings","51.5","-6.5","-230","195"
"401520259","Missouri","Memphis","William Hill (New Jersey)","52","-6.5","",""
"401520270","Texas A&M","Auburn","Bovada","51.5","-9.0","-275","225"
"401520270","Texas A&M","Auburn","DraftKings","51","-8.5","-360","275"
"401520270","Texas A&M","Auburn","William Hill (New Jersey)","51","-9.5","",""
"401540245","Idaho","Sacramento State","William Hill (New Jersey)","57.5","-2.5","",""
"401540260","Northern Arizona","Montana","William Hill (New Jersey)","52.5","17","",""
"401540467","San Diego","Dayton","William Hill (New Jersey)","47.5","-3.5","",""
"401539980","Morgan State","Albany","William Hill (New Jersey)","35.5","13","",""
"401540000","South Carolina State","The Citadel","William Hill (New Jersey)","40.5","-4.5","",""
"401540117","Florida A&M","Alabama State","William Hill (New Jersey)","44","-17","",""
"401540193","Eastern Kentucky","Southeast Missouri State","William Hill (New Jersey)","61.5","3.5","",""
"401540252","Idaho State","Northern Colorado","William Hill (New Jersey)","67","-6.5","",""
"401540314","Campbell","Elon","William Hill (New Jersey)","57.5","-4.5","",""
"401540126","Alcorn State","Prairie View","William Hill (New Jersey)","50.5","-6.5","",""
"401540175","Stephen F. Austin","Austin Peay","William Hill (New Jersey)","61.5","1.5","",""
"401524037","USC","Utah","Bovada","","-6.5","",""
"401524037","USC","Utah","DraftKings","","-6.5","",""
"401525870","Kansas State","TCU","Bovada","","-4.5","",""
"401525870","Kansas State","TCU","DraftKings","","-4.5","",""
"401520148","Minnesota","Nebraska","Bovada","43.0","-7.5","-300","250"
"401520148","Minnesota","Nebraska","DraftKings","43","-7.5","-305","245"
"401520148","Minnesota","Nebraska","William Hill (New Jersey)","43","-7.5","",""
"401520148","Minnesota","Nebraska","consensus","46","-7","",""
"401520148","Minnesota","Nebraska","teamrankings","46","-7","",""
"401520147","Vanderbilt","Hawai'i","DraftKings","54.5","-18","-1050","675"
"401520147","Vanderbilt","Hawai'i","Bovada","56.0","-18.0","-1000","625"
"401520147","Vanderbilt","Hawai'i","William Hill (New Jersey)","54.5","-17","",""
"401520147","Vanderbilt","Hawai'i","teamrankings","55","-17.5","",""
"401520146","Louisiana Tech","Florida International","DraftKings","59","-10","-360","285"
"401520146","Louisiana Tech","Florida International","Bovada","58.5","-11.0","-450","335"
"401520146","Louisiana Tech","Florida International","William Hill (New Jersey)","57.5","-12","",""
"401520146","Louisiana Tech","Florida International","consensus","59","-10","",""
"401520146","Louisiana Tech","Florida International","teamrankings","58.5","-10","",""
"401520238","New Mexico","New Mexico State","Bovada","52.5","-3.0","-110","-110"
"401520238","New Mexico","New Mexico State","William Hill (New Jersey)","52","-2.5","",""
"401525501","Clemson","Florida Atlantic","Bovada","51.5","-25.0","-2500","1050"
"401525501","Clemson","Florida Atlantic","William Hill (New Jersey)","51.5","-25","",""
"401520242","Purdue","Syracuse","Bovada","56.5","1.0","120","-140"
"401520242","Purdue","Syracuse","William Hill (New Jersey)","56.5","1","",""
"401525503","West Virginia","Pittsburgh","DraftKings","","2","-142",""
"401525503","West Virginia","Pittsburgh","Bovada","47.5","-2.5","105","-125"
"401525503","West Virginia","Pittsburgh","William Hill (New Jersey)","48","-2.5","",""
"401524034","Washington","Oregon","Bovada","","-2.0","",""
"401524034","Washington","Oregon","DraftKings","","-2","",""
"401520326","Tennessee","Texas A&M","DraftKings","","-7","",""
"401524053","Oregon","USC","Bovada","","-2.5","",""
"401524053","Oregon","USC","DraftKings","","-2","",""
"401524056","Washington","Utah","Bovada","","-3.5","",""
"401524056","Washington","Utah","DraftKings","","-3.5","",""
"401520389","LSU","Florida","Bovada","","-16.5","",""
"401520389","LSU","Florida","DraftKings","","-16.5","",""
"401520394","Penn State","Michigan","Bovada","","2.0","",""
"401520394","Penn State","Michigan","DraftKings","","2.5","",""
"401520393","Ohio State","Michigan State","Bovada","","-25.5","",""
"401520393","Ohio State","Michigan State","DraftKings","","-25.5","",""
"401525467","Virginia Tech","Old Dominion","Bovada","47.5","-17.0","-750","500"
"401525467","Virginia Tech","Old Dominion","DraftKings","48","-16","-750","525"
"401525467","Virginia Tech","Old Dominion","William Hill (New Jersey)","48","-16","",""
"401525467","Virginia Tech","Old Dominion","teamrankings","50","-14","",""
"401525825","Wyoming","Texas Tech","Bovada","50.5","13.5","460","-675"
"401525825","Wyoming","Texas Tech","DraftKings","50.5","14","410","-600"
"401525825","Wyoming","Texas Tech","Caesars Sportsbook (Colorado)","50.5","13","",""
"401525825","Wyoming","Texas Tech","consensus","53.5","13.5","",""
"401525825","Wyoming","Texas Tech","teamrankings","53","14","",""
"401523995","UCLA","Coastal Carolina","Bovada","67.5","-15.5","-750","500"
"401523995","UCLA","Coastal Carolina","DraftKings","66.5","-14.5","-750","490"
"401523995","UCLA","Coastal Carolina","William Hill (New Jersey)","66.5","-15.5","",""
"401523995","UCLA","Coastal Carolina","teamrankings","64.5","-16","",""
"401520182","Florida State","LSU","Bovada","57.0","1.5","125","-145"
"401520182","Florida State","LSU","DraftKings","56.5","2.5","110","-135"
"401520182","Florida State","LSU","William Hill (New Jersey)","56.5","2","",""
"401520182","Florida State","LSU","consensus","55.5","2.5","",""
"401520182","Florida State","LSU","teamrankings","56","2.5","",""
"401532573","San José State","Oregon State","Bovada","56.5","14.0","600","-950"
"401532573","San José State","Oregon State","DraftKings","55","16.5","425","-850"
"401532573","San José State","Oregon State","William Hill (New Jersey)","56.5","14","",""
"401532573","San José State","Oregon State","teamrankings","54.5","16.5","",""
"401520171","Rutgers","Northwestern","Bovada","38.0","-5.0","-270","220"
"401520171","Rutgers","Northwestern","DraftKings","39.5","-6.5","-198","205"
"401520171","Rutgers","Northwestern","Caesars Sportsbook (Colorado)","39","-5","",""
"401520171","Rutgers","Northwestern","consensus","40.5","-7","",""
"401520171","Rutgers","Northwestern","teamrankings","40.5","-7","",""
"401525468","Duke","Clemson","Bovada","55.0","12.5","400","-575"
"401525468","Duke","Clemson","DraftKings","55.5","13","350","-520"
"401525468","Duke","Clemson","Caesars Sportsbook (Colorado)","54","12.5","",""
"401525468","Duke","Clemson","consensus","57.5","12.5","",""
"401525468","Duke","Clemson","teamrankings","55.5","13","",""
"401520191","Georgia","Ball State","Bovada","53.0","-42.0","",""
"401520191","Georgia","Ball State","DraftKings","52.5","-42","",""
"401520191","Georgia","Ball State","William Hill (New Jersey)","52.5","-42","",""
"401520202","Michigan","UNLV","Bovada","57.5","-37.5","",""
"401520202","Michigan","UNLV","DraftKings","57.5","-38","",""
"401520202","Michigan","UNLV","William Hill (New Jersey)","57.5","-38","",""
"401524004","Washington","Tulsa","Bovada","67.0","-34.0","",""
"401524004","Washington","Tulsa","DraftKings","65.5","-33","",""
"401524004","Washington","Tulsa","William Hill (New Jersey)","66.5","-34","",""
"401525436","NC State","Notre Dame","DraftKings","49.5","7","225","-278"
"401525436","NC State","Notre Dame","Bovada","49.0","7.0","270","-340"
"401525436","NC State","Notre Dame","William Hill (New Jersey)","49.5","7","",""
"401523999","Baylor","Utah","DraftKings","45.5","7","230","-285"
"401523999","Baylor","Utah","Bovada","45.5","7.0","250","-300"
"401523999","Baylor","Utah","William Hill (New Jersey)","46.5","7","",""
"401525829","Kansas State","Troy","Bovada","50.0","-15.0","-850","550"
"401525829","Kansas State","Troy","DraftKings","49.5","-14.5","-650","470"
"401525829","Kansas State","Troy","William Hill (New Jersey)","50","-15","",""
"401525495","North Carolina","Appalachian State","Bovada","58.0","-19.5","-800","525"
"401525495","North Carolina","Appalachian State","DraftKings","58","-19.5","-1050","675"
"401525495","North Carolina","Appalachian State","William Hill (New Jersey)","58","-18","",""
"401525830","Oklahoma","SMU","Bovada","68.5","-16.5","-950","600"
"401525830","Oklahoma","SMU","DraftKings","68.5","-16.5","-750","525"
"401525830","Oklahoma","SMU","William Hill (New Jersey)","69","-16","",""
"401520214","Tulane","Ole Miss","Bovada","61.0","13.0","310","-415"
"401520214","Tulane","Ole Miss","DraftKings","65","8.5","400","-340"
"401520214","Tulane","Ole Miss","William Hill (New Jersey)","64","8","",""
"401520188","Colorado","Nebraska","DraftKings","57","-3","-155","130"
"401520188","Colorado","Nebraska","Bovada","56.5","-3.0","-150","130"
"401520188","Colorado","Nebraska","William Hill (New Jersey)","56.5","-2.5","",""
"401520201","Miami","Texas A&M","DraftKings","50.5","3","114","-148"
"401520201","Miami","Texas A&M","Bovada","50.0","2.5","175","-210"
"401520201","Miami","Texas A&M","William Hill (New Jersey)","50.5","3","",""
"401520216","Wake Forest","Vanderbilt","Bovada","56.5","-9.5","-470","345"
"401520216","Wake Forest","Vanderbilt","DraftKings","57.5","-10","-455","340"
"401520216","Wake Forest","Vanderbilt","William Hill (New Jersey)","55","-9.5","",""
"401520215","Virginia Tech","Purdue","Bovada","49.0","-1.5","-130","110"
"401520215","Virginia Tech","Purdue","DraftKings","49","-1","-110","-110"
"401520215","Virginia Tech","Purdue","William Hill (New Jersey)","49","0","",""
"401525498","Virginia","James Madison","Bovada","39.5","6.0","210","-250"
"401525498","Virginia","James Madison","DraftKings","40","6","185","-225"
"401525498","Virginia","James Madison","William Hill (New Jersey)","40","6","",""
"401520194","Iowa State","Iowa","Bovada","35.5","3.5","160","-185"
"401520194","Iowa State","Iowa","DraftKings","36","3.5","150","-175"
"401520194","Iowa State","Iowa","William Hill (New Jersey)","35.5","3.5","",""
"401520207","Northwestern","UTEP","Bovada","39.5","-1.0","-115","-105"
"401520207","Northwestern","UTEP","DraftKings","40","-1","-122","-105"
"401520207","Northwestern","UTEP","William Hill (New Jersey)","40","-1","",""
"401525497","Syracuse","Western Michigan","Bovada","56.5","-24.5","-1600","800"
"401525497","Syracuse","Western Michigan","DraftKings","56.5","-25","-3200","1400"
"401525497","Syracuse","Western Michigan","William Hill (New Jersey)","56.5","-24.5","",""
"401526833","UMass","Miami (OH)","Bovada","44.0","7.0","175","-210"
"401526833","UMass","Miami (OH)","DraftKings","44","6.5","210","-258"
"401526833","UMass","Miami (OH)","William Hill (New Jersey)","45","7","",""
"401531395","UT San Antonio","Texas State","Bovada","66.5","-14.0","","335"
"401531395","UT San Antonio","Texas State","DraftKings","66.5","-14","-550","410"
"401531395","UT San Antonio","Texas State","William Hill (New Jersey)","66.5","-13.5","",""
"401520184","Arkansas","Kent State","Bovada","57.5","-38.5","",""
"401520184","Arkansas","Kent State","DraftKings","58","-38.5","",""
"401520184","Arkansas","Kent State","William Hill (New Jersey)","57.5","-38","",""
"401531411","East Carolina","Marshall","Bovada","43.5","3.0","-105","-115"
"401531411","East Carolina","Marshall","DraftKings","43.5","2.5","120","-135"
"401531411","East Carolina","Marshall","William Hill (New Jersey)","43.5","3","",""
"401520198","Liberty","New Mexico State","Bovada","54.5","-9.5","-550","390"
"401520198","Liberty","New Mexico State","DraftKings","53","-9.5","-380","295"
"401520198","Liberty","New Mexico State","William Hill (New Jersey)","54.5","-9","",""
"401531378","Georgia Southern","UAB","Bovada","63.5","-6.5","-230","190"
"401531378","Georgia Southern","UAB","DraftKings","63","-7","-265","220"
"401531378","Georgia Southern","UAB","William Hill (New Jersey)","63","-7","",""
"401531419","Florida Atlantic","Ohio","Bovada","62.0","-3.5","-200","170"
"401531419","Florida Atlantic","Ohio","DraftKings","61.5","-3.5","-180","142"
"401531419","Florida Atlantic","Ohio","William Hill (New Jersey)","61.5","-3.5","",""
"401531842","Old Dominion","Louisiana","Bovada","51.0","6.5","220",""
"401531842","Old Dominion","Louisiana","DraftKings","51.5","5.5","200","-225"
"401531842","Old Dominion","Louisiana","William Hill (New Jersey)","51","6","",""
"401520189","Florida International","North Texas","Bovada","51.5","10.5","410","-585"
"401520189","Florida International","North Texas","DraftKings","52","11","360","-410"
"401520189","Florida International","North Texas","William Hill (New Jersey)","51.5","10.5","",""
"401520192","Georgia State","Connecticut","Bovada","54.5","-3.0","-160","135"
"401520192","Georgia State","Connecticut","DraftKings","54","-3","-142","124"
"401520192","Georgia State","Connecticut","William Hill (New Jersey)","54.5","-3","",""
